Registration,Year,Make,Model,Class Type,VIN No.,Status,Chassis No.,Variant,Colour,Transmission,Fuel Type,Year of Manufacture,Total Spend
PQM307,2022,TESLA,MODEL 3,Saloon,LRW3F7FS9NC691142,Active,,REAR WHEEL DRIVE 60K,grey,,Electric,,60.00
LNE969,2009,SUZUKI,SWIFT,Hatchback,7AT0GK0CX18452348,Active,ZC71S-452348,,blue,,Petrol,,212.75
KRK159,2013,MERCEDES-BENZ,A180,Hatchback,WDD1760422J152783,Active,WDD1760422J152783,,grey,,Petrol,,172.50
GGW455,2004,MAZDA,ROADSTER,Convertible,7AT0C12YX11400659,Active,NB6C-400659,,silver,,Petrol,,218.50
LAN333,2011,LAND ROVER,FREELANDER,Station Wagon,SALFA2AD1BH221303,Active,,2 2.2 SD4 HSE,red,,Diesel,,172.50
HYA479,2006,MITSUBISHI,PAJERO,Station Wagon,7AT0CJ08X14001089,Active,V97W-0001089,,silver,,Petrol,,747.50
PJS22,2014,MAZDA,AXELA,Hatchback,7AT0C13JX22111494,Active,BM5FS-111494,,white,,Petrol,,345.00
NRM343,2016,TOYOTA,AQUA,Hatchback,7AT0H65YX21483887,Active,NHP10-2483887,HYBRID,white,,Petrol Hybrid,,172.50
FEC137,2001,MERCEDES-BENZ,S,Saloon,WDB2200732A234562,Active,WDB2200732A234562,55AMG,black,,Petrol,,796.00
FCE345,2009,TOYOTA,COROLLA,Hatchback,JTNKU56E001092861,Active,,1.8P GLX HATCH 5 4A,grey,,Petrol,,232.50
HYB395,2008,NISSAN,TIIDA,Hatchback,7AT0DH78X14207570,Active,C11-207570,,blue,,Petrol,,192.25
LQL113,2010,MAZDA,PREMACY,Station Wagon,7AT0C133X18353189,Active,CREW-353189,,silver,,Petrol,,172.50
MPC238,2007,MAZDA,AXELA,Saloon,7AT0C13JX19319602,Active,BK5P-319602,,silver,,Petrol,,322.00
PDE442,2015,TOYOTA,COROLLA,Saloon,7AT0H607X22107190,Active,NKE165-7107190,AXIO HYBRID,silver,,Petrol Hybrid,,322.00
PYN951,2012,HONDA,FIT,Hatchback,7AT08G2YX23210430,Active,GP1-1210430,,black,,Petrol Hybrid,,258.75
LBY920,2013,MAZDA,PREMACY,Station Wagon,7AT0C133X17113099,Active,CWFFW-113099,,blue,,Petrol,,86.25
MGB716,2006,NISSAN,SERENA,Light Van,7AT0DH3FX19140610,Active,C25-140610,,silver,,Petrol,,405.00
MDJ30,2019,HYUNDAI,SANTA FE,Station Wagon,KMHS381CSKU143243,Active,,TM LIMITED 2.2D/4WD,grey,,Diesel,,253.00
LTR125,2018,TOYOTA,HIACE,Light Van,JTFHT02PX05031576,Active,,ZL TD 3.0DT/5MT,white,,Diesel,,175.00
LQT940,2010,NISSAN,NAVARA,Cab-Chassis only,MNTAPUD22A0000097,Active,,DX 4WD S/C C/C 2.5D,silver,,Diesel,,60.00
LMK342,2012,MERCEDES-BENZ,E220,Convertible,WDD2074022F170417,Active,WDD2074022F170417,,black,,Diesel,,483.00
QQE239,2014,MAZDA,AXELA,Hatchback,7AT0C13JX24107086,Active,BMEFS-107086,,black,,Petrol,,172.50
JEG555,2008,NISSAN,MARCH,Hatchback,7AT0DH0KX15908302,Active,AK12-908302,,white,,Petrol,,149.50
NBC539,2015,HONDA,FIT,Station Wagon,7AT08G2YX20216720,Active,GP2-3216720,SHUTTLE,silver,,Petrol Hybrid,,201.25
NMZ369,2021,MAZDA,CX-5,Station Wagon,JM0KF2W7A00677754,Active,,GSX PTR 2.0P/6AT,white,,Petrol,,232.50
MMS533,2013,VOLKSWAGEN,GOLF,Hatchback,WVWZZZAUZEW088664,Active,,,silver,,Petrol,,172.50
QPD462,2012,HONDA,FIT,Station Wagon,7AT08G2YX24060164,Active,GP2-3060164,SHUTTLE,brown,,Petrol Hybrid,,264.50
KEP821,2016,FORD,TRANSIT,Light Van,WF0YXXTTGYGD25068,Active,,SWB LOW ROOF 2.0D,white,,Diesel,,290.00
ERT455,2008,MAZDA,MAZDA3,Hatchback,JM0BK10F200426429,Active,,SPORTHATCH GLX 2.0 A,black,,Petrol,,1095.00
KGY36,2017,MAZDA,CX-9,Station Wagon,JM0TC4WLA00108624,Active,,LTD 2.5PT/4WD/6AT,grey,,Petrol,,439.50
JSS987,2016,FORD,MONDEO,Hatchback,WF0EXXWPCEEG47523,Active,,AMBIENTE 5DR PETROL,blue,,Petrol,,276.00
KMJ690,2005,SUBARU,OUTBACK,Station Wagon,7AT0GF16X17033039,Active,BP9-033039,,grey,,Petrol,,1440.95
PLG225,2022,KIA,NIRO,Station Wagon,KNACS81FVP5017908,Active,,PHEV EARTH PHEV/6AM,white,,Plug-in Petrol Hybrid,,129.00
RBW642,2013,TOYOTA,AQUA,Hatchback,7AT0H65YX25181610,Active,NHP10-2181610,,grey,,Petrol Hybrid,,416.50
RKY688,2012,TOYOTA,CAMRY,Saloon,7AT0H604X25024162,Active,AVV50-1024162,,white,,Petrol Hybrid,,172.50
QNG132,2011,MAZDA,DEMIO,Hatchback,7AT0C12HX23107192,Active,DEJFS-107192,,blue,,Petrol,,391.00
PZD20,2006,HONDA,FIT,Hatchback,7AT08G2YX16371216,Active,GD1-2371216,,blue,,Petrol,,278.50
RAR644,2015,BMW,X1,Station Wagon,WBAVL920X0VX89255,Active,WBAVL920X0VX89255,,blue,,Petrol,,290.00
HNN941,2005,MERCEDES-BENZ,SLK350,Convertible,WDB1714562F042842,Active,WDB1714562F042842,,silver,,Petrol,,184.00
NHD842,2008,NISSAN,X-TRAIL,Station Wagon,7AT0DH6LX21022675,Active,NT31-022675,,silver,,Petrol,,172.50
KTY834,2006,HONDA,ACCORD,Saloon,7AT08G13X17200134,Active,CL9-1200134,S,white,,Petrol,,287.50
LZB262,2005,MAZDA,AXELA,Saloon,7AT0C13JX18211836,Active,BK5P-211836,,black,,Petrol,,517.50
RED967,2015,MAZDA,DEMIO,Hatchback,7AT0C12HX23102042,Active,DJ3AS-102042,,white,,Petrol,,1644.70
JSA330,2006,HONDA,CRV,Station Wagon,7AT08G7HX15003592,Active,RE4-1003592,,silver,,Petrol,,862.50
LRN45,2015,TOYOTA,HIACE,Light Van,7AT0H60FX18018250,Active,KDH201-5018250,,blue,,Diesel,,290.00
NYA338,2014,VOLKSWAGEN,GOLF,Hatchback,WVWZZZAUZFW134998,Active,WVWZZZAUZFW134998,,blue,,Petrol,,172.50
PML680,2015,TOYOTA,AQUA,Hatchback,7AT0H65YX22389170,Active,NHP10-6389170,HYBRID,white,,Petrol Hybrid,,129.00
KWW172,2012,TOYOTA,AQUA,Hatchback,7AT0H65YX17065525,Active,NHP10-2065525,,silver,,Petrol Hybrid,,232.50
MAR49,2011,NISSAN,TIIDA,Hatchback,7AT0DH78X18418855,Active,C11-418855,,silver,,Petrol,,445.25
HRE935,2014,RENAULT,CLIO,Hatchback,VF15R400ED0687095,Active,,EXPRESSION 1.2P/6AT,grey,,Petrol,,271.40
KYW188,2017,HYUNDAI,I30,Station Wagon,TMAD281BMHJ139198,Active,,GDE WAGON 1.6 A,white,,Petrol,,172.50
DWP257,1996,VOLVO,940,Station Wagon,YV1945817V1193192,Active,YV1945817V1193192,TACK,silver,,Petrol,,106.00
MYA429,2006,HONDA,ACCORD,Saloon,7AT08G13X20201981,Active,CL7-3201981,,grey,,Petrol,,172.50
HNT317,2005,HONDA,INSPIRE,Saloon,7AT08G0TX14200729,Active,UC1-1200729,,silver,,Petrol,,232.50
PLU332,2017,TOYOTA,AQUA,Hatchback,7AT0H65YX22644469,Active,NHP10-6644469,HYBRID,blue,,Petrol Hybrid,,720.10
QLK407,2012,MAZDA,DEMIO,Hatchback,7AT0C12HX24135433,Active,DEJFS-135433,,red,,Petrol,,491.25
MCN913,2005,HONDA,ACCORD,Saloon,7AT08G13X19200318,Active,CL9-1200318,TYPE S,silver,,Petrol,,437.00
KHG174,2006,TOYOTA,AURIS,Hatchback,7AT0H659X16001206,Active,NZE151-1001206,,black,,Petrol,,402.50
NHZ131,2011,TOYOTA,PRIUS,Hatchback,7AT0H637X21369628,Active,ZVW30-5369628,HYBRID,blue,,Petrol Hybrid,,232.50
NHD981,2015,TOYOTA,PRIUS,Hatchback,7AT0H637X20962539,Active,ZVW30-1962539,HYBRID,white,,Petrol Hybrid,,172.50
PEM741,2014,SUZUKI,SWIFT,Hatchback,7AT0GK0CX22339601,Active,ZC72S-339601,,silver,,Petrol,,244.00
FEA574,2009,NISSAN,TIIDA,Hatchback,JN1FBAC11A0020601,Active,,1.8 PETROL HATCH ST,silver,,Petrol,,402.50
EWW34,2009,MITSUBISHI,OUTLANDER,Station Wagon,JMFXTCW5W8Z005963,Active,,2.4P LS,green,,Petrol,,831.45
DNR112,1998,MITSUBISHI,LEGNUM,Station Wagon,7A8CJ300706006937,Active,EC5W-0006937,VR4,silver,,Petrol,,529.00
GMP325,2005,TOYOTA,VITZ,Hatchback,7AT0H63EX12025288,Active,SCP90-0025288,,red,,Petrol,,345.00
MHE764,2008,TOYOTA,VITZ,Hatchback,7AT0H63EX19091964,Active,SCP90-5091964,,red,,Petrol,,161.00
KLF3,2005,NISSAN,TIIDA,Hatchback,7AT0DH78X17068015,Active,C11-068015,,black,,Petrol,,345.00
KGN619,2010,TOYOTA,VITZ,Hatchback,7AT0H63EX15165950,Active,SCP90-5165950,,white,,Petrol,,356.50
MRM275,2010,MAZDA,AXELA,Saloon,7AT0C13JX20106540,Active,BL5FP-106540,,black,,Petrol,,230.00
PFF404,2016,TOYOTA,AQUA,Hatchback,7AT0H65YX22523926,Active,NHP10-6523926,,silver,,Petrol Hybrid,,230.00
JKQ535,2008,NISSAN,MARCH,Hatchback,7AT0DH0KX15908177,Active,AK12-908177,,red,,Petrol,,313.00
KRSNA7,2016,SUZUKI,IGNIS,Hatchback,7AT0GKDTX24114339,Active,FF21S-114339,,red,,Petrol Hybrid,,172.50
QQE488,2017,TOYOTA,C-HR,Hatchback,7AT0H663X23075936,Active,ZYX10-2075936,,silver,,Petrol Hybrid,,172.50
QET796,2008,TOYOTA,PORTE,Hatchback,7AT0H64WX19027842,Active,NNP11-5027842,,silver,,Petrol,,225.40
JSR346,2011,BMW,X1,Hatchback,WBAVL32090VP92676,Active,,,black,,Petrol,,557.75
QHB740,2016,HOLDEN,COMMODORE,Station Wagon,6G1FB8E38GL245137,Active,,VF2 SV6 3.6P/6AT/SW,white,,Petrol,,267.00
GHJ11,2004,LEXUS,RX330,Station Wagon,JTJHA31U400061822,Active,,3.3P RV WAGON5 5A,silver,,Petrol,,255.50
NYL244,2014,HONDA,VEZEL,Station Wagon,7AT08GDHX21020707,Active,RU3-1020707,,grey,,Petrol Hybrid,,172.50
MPN204,2015,TOYOTA,HIACE,Light Van,7AT0H60FX19222418,Active,TRH200-0222418,REGIUS ACE,white,,Petrol,,232.50
PKM720,2017,TOYOTA,PRIUS,Hatchback,7AT0H637X22060569,Active,ZVW50-8060569,,white,,Petrol Hybrid,,172.50
PME499,2006,TOYOTA,ISIS,Station Wagon,7AT0H658X13035790,Active,ZNM10-0035790,,blue,,Petrol,,180.00
HER123,2006,MAZDA,AXELA,Station Wagon,7AT0C13JX13222470,Active,BK5P-222470,,silver,,Petrol,,393.50
HZY814,2010,NISSAN,JUKE,Station Wagon,7AT0DH8HX15000966,Active,YF15-000966,,black,,Petrol,,83.00
KLC702,2017,HYUNDAI,ILOAD,Light Van,KMFWBX7KLHU871931,Active,,2.5 CRDI MANUAL,white,,Diesel,,230.00
JZB424,2012,TOYOTA,AQUA,Hatchback,7AT0H65YX16039348,Active,NHP10-6039348,,blue,,Petrol Hybrid,,276.00
GGU348,2009,MAZDA,DEMIO,Hatchback,7AT0C12HX11188360,Active,DE3FS-188360,,silver,,Petrol,,172.50
BCR751,2002,SUBARU,LEGACY,Station Wagon,7A8GF0B0702232681,Active,BH5-232681,GT,black,,Petrol,,1932.00
RGE318,2014,TOYOTA,AQUA,Hatchback,7AT0H65YX25348459,Active,NHP10-6348459,,blue,,Petrol Hybrid,,345.00
FGJ935,2010,DAIHATSU,SIRION,Hatchback,JDAM303S001006574,Active,,1.5P SX HATCH 4AT,red,,Petrol,,241.50
MTZ342,2007,HONDA,FIT,Hatchback,7AT08G2YX19380576,Active,GD1-2380576,,white,,Petrol,,497.00
HQD651,2014,MERCEDES-BENZ,C-CLASS,Saloon,WDD2050422F043104,Active,,C 200 2.0P/7AT/SL/4D,grey,,Petrol,,230.00
JHH618,2010,SUZUKI,SWIFT,Hatchback,7AT0GK0CX15253182,Active,ZC31S-253182,,yellow,,Petrol,,408.79
RCS872,2015,MERCEDES-BENZ,C200,Saloon,WDD2050422R042474,Active,WDD2050422R042474,C CLASS,silver,,Petrol,,517.50
HUR516,2005,DAIHATSU,BOON,Hatchback,7AT04727X14009181,Active,M301S-0009181,,silver,,Petrol,,416.50
HBQ806,2006,BMW,325I,Saloon,WBAVB160X0NB27144,Active,WBAVB160X0NB27144,,black,,Petrol,,172.50
QYK728,2015,NISSAN,X-TRAIL,Station Wagon,JN1TBNT32A0500467,Active,,ST-L 2.5P/6CVT/SW/5D,grey,,Petrol,,184.00
LPE290,2005,TOYOTA,KLUGER,Station Wagon,7AT0H642X18003864,Active,MHU28-0003864,,brown,,Petrol Electric Hybrid,,425.50
RMD833,2019,TOYOTA,C-HR,Hatchback,7AT0H663X24193138,Active,ZYX10-2193138,HYBRID,white,,Petrol Hybrid,,232.50
JAJ815,1999,NISSAN,TINO,Station Wagon,7A8DH640707001947,Active,HV10-001947,SV HYPER CVT,silver,,Petrol,,704.00
JUF443,2005,LEXUS,RX330,Station Wagon,JTJHA31U200093152,Active,,3.3P RV WAGON5 5A,black,,Petrol,,1161.50
JRN597,2007,NISSAN,MURANO,Station Wagon,7AT0DH74X16100378,Active,PZ50-100378,,grey,,Petrol,,287.50
QGM422,2012,BMW,MINI,Hatchback,WMWSU32020T317348,Active,,COOPER,brown,,Petrol,,60.00
ECF110,2005,NISSAN,NOTE,Station Wagon,7A8DH790707032498,Active,E11-032498,,red,,Petrol,,78.40
NAM692,2010,TOYOTA,VITZ,Hatchback,7AT0H63EX19168767,Active,SCP90-5168767,,grey,,Petrol,,232.50
LZE772,2013,MERCEDES-BENZ,A180,Hatchback,WDD1760422J104971,Active,WDD1760422J104971,,black,,Petrol,,738.50
QFF967,2012,MAZDA,DEMIO,Hatchback,7AT0C12HX23135614,Active,DEJFS-135614,,red,,Petrol,,598.00
RIZZ,2021,MERCEDES-BENZ,GLC,Station Wagon,W1N2539892F927409,Active,,63 S AMG 4.0PT/4WD,black,,Petrol,,180.00
LQT191,2006,SUZUKI,SX4,Hatchback,7AT0GKG7X18103029,Active,YA11S-103029,,grey,,Petrol,,184.00
PRAGAT,2013,TOYOTA,AQUA,Hatchback,7AT0H65YX21279584,Active,NHP10-2279584,,yellow,,Petrol Hybrid,,238.25
QUS679,2012,HONDA,FIT,Hatchback,7AT08G2YX24094345,Active,GP1-1094345,,black,,Petrol Hybrid,,172.50
MYJEWL,2003,HYUNDAI,COUPE,Sports Car,KMHHN61FR2U040168,Active,KMHHN61FR2U040168,FX V6,red,,Petrol,,218.50
RKU759,2013,TOYOTA,ALPHARD,Station Wagon,7AT0H64EX25288945,Active,ANH20-8288945,,white,,Petrol,,172.50
LJU71,2004,HONDA,ELYSION,Station Wagon,7AT08GBPX18006641,Active,RR1-1006641,,white,,Petrol,,
GAQ271,2011,MAZDA,CX-7,Station Wagon,JM0ER10L200229448,Active,,2WD GSX 2.5 5AT,blue,,Petrol,,414.00
FYL632,2004,SUZUKI,SWIFT,Hatchback,7AT0GK0CX11100742,Active,ZC11S-100742,,red,,Petrol,,612.00
MYS256,2016,MAZDA,BT-50,Utility,MM0UR0YF100475980,Active,,GSX D/C W/S 3.2D/4WD,silver,,Diesel,,379.50
PGC849,2017,NISSAN,NOTE,Hatchback,7AT0DH79X22054692,Active,HE12-054692,E-POWER,black,,Petrol Electric Hybrid,,172.50
MJE812,2009,TOYOTA,RACTIS,Hatchback,7AT0H652X19062844,Active,SCP100-0062844,,white,,Petrol,,368.00
NYU565,2014,VOLKSWAGEN,GOLF,Hatchback,WVWZZZAUZEW418170,Active,WVWZZZAUZEW418170,,black,,Petrol,,451.00
FQP589,2001,TOYOTA,NADIA,Station Wagon,7AT0H63CX10006279,Active,ACN10-0006279,,purple,,Petrol,,333.50
GOYALS,2014,FORD,KUGA,Station Wagon,WF0AXXWPMAEJ43729,Active,,AWD 1.6P ECOBOOST A,white,,Petrol,,609.50
LFT668,2013,VOLKSWAGEN,GOLF,Hatchback,WVWZZZAUZEW097675,Active,WVWZZZAUZEW097675,,silver,,Petrol,,1012.00
KBP9,2016,TOYOTA,HIACE,Light Van,JTFHT02P500206331,Active,,ZL TD 3.0DT/5MT,white,,Diesel,,437.00
RLR728,2013,TOYOTA,PRIUS,Station Wagon,7AT0H637X25285610,Active,ZVW41-3285610,ALPHA HYBRID,grey,,Petrol Hybrid,,161.00
RHC861,2015,TOYOTA,AQUA,Hatchback,7AT0H65YX22424787,Active,NHP10-2424787,,silver,,Petrol Hybrid,,117.50
K4ZI,2014,HONDA,ACCORD,Saloon,7AT08G13X22014224,Active,CR6-1014224,,grey,,Petrol Hybrid,,239.20
JJD216,2008,MAZDA,ATENZA,Saloon,7AT0C139X15100909,Active,GHEFP-100909,,silver,,Petrol,,287.50
PGJ560,2015,TOYOTA,PRIUS,Hatchback,7AT0H637X22969499,Active,ZVW30-1969499,HYBRID,blue,,Petrol Hybrid,,529.00
PRA818,2012,AUDI,A3,Station Wagon,WAUZZZ8P8CA075737,Active,WAUZZZ8P8CA075737,,silver,,Petrol,,368.00
RES987,2019,TOYOTA,PRIUS,Hatchback,7AT0H637X24101383,Active,ZVW51-6101383,,white,,Petrol Hybrid,,172.50
HNF246,2006,TOYOTA,VITZ,Hatchback,7AT0H63EX13009337,Active,SCP90-2009337,,silver,,Petrol,,239.20
HDF126,2013,SKODA,OCTAVIA,Saloon,TMBBJ7NE4E0021119,Active,,TDI110KWELEGANCEL 2.,black,,Diesel,,437.00
HKQ509,2004,TOYOTA,IST,Hatchback,7AT0H647X14184736,Active,NCP60-0184736,,red,,Petrol,,149.50
MKK267,2007,NISSAN,X-TRAIL,Station Wagon,7AT0DH6LX19000838,Active,NT31-000838,,red,,Petrol,,3367.40
MHG976,2009,NISSAN,MARCH,Hatchback,7AT0DH0KX19944885,Active,AK12-944885,,red,,Petrol,,428.00
KWD460,2010,TOYOTA,PRIUS,Hatchback,7AT0H637X17168445,Active,ZVW30-5168445,,blue,,Petrol Hybrid,,186.50
GYB776,2004,TOYOTA,WISH,Station Wagon,7AT0H64BX13162397,Active,ZNE10-0162397,,green,,Petrol,,71.50
PDN317,2013,TOYOTA,AQUA,Hatchback,7AT0H65YX22193325,Active,NHP10-2193325,,red,,Petrol Hybrid,,428.00
PPM100,2013,TOYOTA,PRIUS,Hatchback,7AT0H637X21713599,Active,ZVW30-5713599,,blue,,Petrol Hybrid,,189.98
KRC848,2017,TOYOTA,COROLLA,Hatchback,JTNKU3JE80J559505,Active,,GLX 1.8P/CVT,red,,Petrol,,117.50
MJC766,2010,NISSAN,NOTE,Hatchback,7AT0DH79X19520798,Active,E11-520798,,red,,Petrol,,287.50
GNL199,2012,MAZDA,MAZDA3,Hatchback,JM0BL10F200357023,Active,,HATCH GLX 2.0 5AT,grey,,Petrol,,232.50
NPY563,2007,HONDA,CRV,Station Wagon,7AT08G7HX21100359,Active,RE4-1100359,,black,,Petrol,,267.00
QBP220,2014,NISSAN,SERENA,Station Wagon,7AT0DH3FX23243908,Active,HFC26-243908,S-HYBIRD,white,,Petrol Hybrid,,500.79
LKN746,2007,MAZDA,AXELA,Hatchback,7AT0C13JX18318848,Active,BK5P-318848,,black,,Petrol,,244.00
KZN569,2005,TOYOTA,ESTIMA,Station Wagon,7AT0H61YX17016220,Active,ACR30-7016220,,silver,,Petrol,,276.00
PPQ672,2004,TOYOTA,CALDINA,Station Wagon,7AT0H624X15007986,Active,ST246-0007986,GT-FOUR,black,,Petrol,,483.00
EBW468,2007,HYUNDAI,TUCSON,Station Wagon,KMHJN81BR7U714582,Active,,2.0P CITY 4D A4,silver,,Petrol,,207.00
EAJ944,2007,MITSUBISHI,COLT,Hatchback,JMFXSZ23A7Z000256,Active,,1.5P LS 5DR HATCH A,silver,,Petrol,,318.75
NWD675,2013,TOYOTA,PRIUS,Hatchback,7AT0H637X21691228,Active,ZVW30-5691228,,silver,,Petrol Hybrid,,172.50
NTZ825,2016,NISSAN,X-TRAIL,Station Wagon,7AT0DH6LX21044434,Active,NT32-044434,,red,,Petrol,,405.00
KPQ299,2008,TOYOTA,VITZ,Hatchback,7AT0H63EX17180715,Active,NCP91-5180715,,silver,,Petrol,,295.75
QTN279,2017,TOYOTA,C-HR,Station Wagon,7AT0H663X24048736,Active,ZYX10-2048736,,white,,Petrol Hybrid,,232.50
MEE35,2010,MAZDA,DEMIO,Hatchback,7AT0C12HX19302314,Active,DE3FS-302314,,purple,,Petrol,,462.30
QAE448,2012,MAZDA,CX-5,Station Wagon,7AT0C144X23106839,Active,KEEFW-106839,,red,,Petrol,,405.00
EAW706,2003,TOYOTA,CALDINA,Station Wagon,7A8H6240707008993,Active,AZT241-0008993,ZT,silver,,Petrol,,408.25
PPW928,2013,TOYOTA,COROLLA,Station Wagon,7AT0H607X22011344,Active,NKE165-7011344,FIELDER,silver,,Petrol Hybrid,,232.50
LDP459,2018,FORD,RANGER,Utility,MPBUMFF50HX142462,Active,,XLT DOUBLE CAB W/SA,red,,Diesel,,668.35
NFR229,2015,TOYOTA,COROLLA,Station Wagon,7AT0H607X20006033,Active,NRE161-0006033,FIELDER,white,,Petrol,,
JHE194,2011,VOLKSWAGEN,PASSAT,Saloon,WVWZZZ3CZBE737703,Active,WVWZZZ3CZBE737703,,white,,Petrol,,439.50
FHQ25,2008,HONDA,JAZZ,Hatchback,JHMGD38408S202410,Active,,SPORT,blue,,Petrol,,92.00
QGL700,2012,TOYOTA,AQUA,Hatchback,7AT0H65YX23049380,Active,NHP10-6049380,,red,,Petrol Hybrid,,146.25
MBQ432,2007,HONDA,FIT,Hatchback,7AT08G2YX19020442,Active,GE6-1020442,,black,,Petrol,,635.00
PPA639,2013,TOYOTA,AQUA,Hatchback,7AT0H65YX22242563,Active,NHP10-6242563,1.5L PETROL HYBRID,red,,Petrol Hybrid,,232.50
RFZ245,2016,TOYOTA,HIACE,Light Van,JTFHT02P300195362,Active,JTFHT02P300195362,,white,,Diesel,,3044.05
DEPAK9,2019,TOYOTA,LANDCRUISER PRADO,Station Wagon,JTEBR3FJ10K130417,Active,,VX 2.8D/4WD/6AT,white,,Diesel,,152.00
HHU806,2014,SUZUKI,SWIFT,Hatchback,JSAFZC82S00302545,Active,,GLXAB 1.4P/4AT/HA/5D,silver,,Petrol,,232.50
NZC824,2013,MITSUBISHI,RVR,Station Wagon,7AT0CJ1KX21200703,Active,GA4W-0200703,,white,,Petrol,,172.50
LBU47,2017,MITSUBISHI,OUTLANDER,Station Wagon,JMFXTGF8WHZ003505,Active,,LS 2.4P/4WD/CVT,white,,Petrol,,276.00
KZP177,2011,TOYOTA,PRIUS,Station Wagon,7AT0H637X17037783,Active,ZVW41-3037783,A HYBRID,silver,,Petrol Hybrid,,172.50
LBQ915,2011,TOYOTA,REGIUS,Light Van,7AT0H63TX17084730,Active,KDH201-0084730,,silver,,Diesel,,1354.70
MSP857,2008,NISSAN,X-TRAIL,Station Wagon,7AT0DH6LX20005638,Active,T31-005638,,white,,Petrol,,460.00
RAY325,2005,MERCEDES-BENZ,E,Station Wagon,WDB2112562A741308,Active,,E350 ELEGANCE WAGON,silver,,Petrol,,892.40
RJJ94,2012,TOYOTA,ESTIMA,Light Van,7AT0H61YX25063177,Active,AHR20-7063177,HYBRID E-FOUR X,white,,Petrol Hybrid,,172.50
PLZ890,2007,HONDA,CIVIC,Saloon,7AT08G0WX22104960,Active,FD3-1104960,HYBRID,silver,,Petrol Hybrid,,0.00
LCD453,2009,MITSUBISHI,DELICA,Light Van,7AT0CJ0PX16300551,Active,CV5W-0300551,,silver,,Petrol,,1034.05
PHS969,2015,FORD,RANGER,Utility,MNAUMFF50FW506381,Active,,XLT DOUBLE CAB W/SA,black,,Diesel,,230.00
LSF712,2015,MAZDA,3,Saloon,JM6BM42A8G0308477,Active,JM6BM42A8G0308477,,white,,Petrol,,310.50
QMD240,2017,FORD,RANGER,Utility,MPBUMFF50HX113387,Active,,WILDTRAK 3.2D/4WD,white,,Diesel,,405.00
JHT799,2015,TOYOTA,COROLLA,Hatchback,JTNKU3JE80J505072,Active,,GX 1.8P/CVT/HA/4DR/5,white,,Petrol,,232.50
JGD985,2011,BMW,320I,Saloon,WBAPG36070NN36799,Active,WBAPG36070NN36799,,white,,Petrol,,172.50
HEL292,2013,FORD,FOCUS,Hatchback,MPB1XXMXB1DG46392,Active,,2.0 SPORT AUTO HATCH,red,,Petrol,,172.50
MQM159,2009,MERCEDES-BENZ,C63,Saloon,WDD2040772F314045,Active,WDD2040772F314045,,silver,,Petrol,,230.00
LWNM0A,2006,TOYOTA,HIACE,Light Van,7AT0H60FX15039518,Active,TRH200-0039518,,white,,Petrol,,402.50
RCJ283,2005,MAZDA,BOUNTY,Utility,MM0UNY0W200384582,Active,MM0UNY0W200384582,C/PLUS W/S 4WD DX AB,green,,Diesel,,69.00
QNQ962,2018,NISSAN,NOTE,Hatchback,7AT0DH79X23539246,Active,HE12-217064,HV,black,,Petrol Electric Hybrid,,517.50
JLF417,2008,NISSAN,MARCH,Hatchback,7AT0DH0KX15359221,Active,AK12-359221,,silver,,Petrol,,290.00
LPL637,2005,TOYOTA,WISH,Station Wagon,7AT0H64BX18241803,Active,ZNE10-0241803,,grey,,Petrol,,238.25
LBR92,2004,TOYOTA,ALPHARD,Light Van,7AT0H64EX17075992,Active,ANH10-0075992,V,black,,Petrol,,232.50
NPJ827,2010,NISSAN,ELGRAND,Station Wagon,7AT0DH6MX21007059,Active,TE52-007059,,white,,Petrol,,402.50
QQW175,2021,TOYOTA,PRIUS,Hatchback,7AT0H637X24179946,Active,ZVW52-3179946,,blue,,Plug-in Petrol Hybrid,,140.50
QJR970,2014,NISSAN,X-TRAIL,Station Wagon,7AT0DH6LX23027846,Active,NT32-027846,,black,,Petrol,,454.25
HJU425,2006,TOYOTA,COROLLA,Saloon,7AT0H607X14005278,Active,NZE141-6005278,AXIO,silver,,Petrol,,278.50
KPT455,2012,TOYOTA,HARRIER,Station Wagon,7AT0H634X17077292,Active,MHU38-2077292,3.3L HYBRID,black,,Petrol Hybrid,,336.00
RFH683,2013,HONDA,ACCORD,Saloon,7AT08G13X25002345,Active,CR6-1002345,HYBRID,white,,Petrol Hybrid,,172.50
MQN184,2007,HONDA,FIT,Hatchback,7AT08G2YX19390844,Active,GD1-2390844,,blue,,Petrol,,431.25
NTR794,2012,TOYOTA,VELLFIRE,Light Van,7AT0H65MX21245026,Active,ANH20-8245026,,black,,Petrol,,1750.04
HFZ26,2014,MAZDA,CX-5,Station Wagon,JM0KE107100227189,Active,,GSXPTR 2.0P/6AT/SW/5,blue,,Petrol,,172.50
JGC268,2009,TOYOTA,VANGUARD,Station Wagon,7AT0H65BX15139445,Active,ACA38-5139445,,black,,Petrol,,402.50
PLN219,2012,Mitsubishi,RVR,,,Active,,,,,,,345.00
KRS247,2015,NISSAN,LEAF,Hatchback,7AT0DH8KX17118063,Active,AZE0-118063,,white,,Electric,,111.75
LLT689,2018,MAZDA,MAZDA3,Hatchback,JM0BN547810207609,Active,,GSX 2.0P/6AT,white,,Petrol,,674.65
PFY235,2022,SUZUKI,IGNIS,Station Wagon,JSAMFH11S00404832,Active,,LTD 1.2P/CVT,yellow,,Petrol,,172.50
QDF527,2008,TOYOTA,RACTIS,Hatchback,7AT0H652X18127311,Active,NCP100-0127311,,silver,,Petrol,,60.01
NTZ41,2009,TOYOTA,BLADE,Hatchback,7AT0H656X21035612,Active,AZE156-1035612,,black,,Petrol,,598.20
BATHNZ,2011,FORD,TRANSIT,Heavy Van,WF0XXXTTFXAR43167,Active,,TRANSIT LWB HIROOF M,white,,Diesel,,3232.19
HZF941,2015,MITSUBISHI,MIRAGE,Hatchback,MMAXTA03AFH002723,Active,,XLS 1.2P/CVT/HA/5DR,blue,,Petrol,,345.00
RBG747,2013,MAZDA,AXELA,Saloon,7AT0C13JX24101976,Active,BYEFP-101976,HYBRID,grey,,Petrol Hybrid,,435.28
MDP852,2016,SUZUKI,BALENO,Hatchback,MA3EWB32S00121502,Active,MA3EWB32S00121502,,blue,,Petrol,,117.50
MJY864,2008,NISSAN,TIIDA,Hatchback,7AT0DH78X19210147,Active,C11-210147,,silver,,Petrol,,414.00
JQF857,2007,TOYOTA,HIACE,Light Van,7AT0H60FX15064786,Active,TRH200-0064786,,white,,Petrol,,747.50
JEP206,2015,LDV,V80,Light Van,LSKG5GL17EA235195,Active,,LWBHR 2.5D/5MT/LV/5D,white,,Diesel,,387.75
PES0S,2015,MERCEDES-BENZ,ML350,Station Wagon,WDC1660242A577394,Active,WDC1660242A577394,,white,,Diesel,,1026.00
JNW878,2014,TOYOTA,HIACE,Light Van,7AT0H60FX15197142,Active,TRH200-0197142,,silver,,Petrol,,232.50
JWP410,2006,HONDA,FIT,Hatchback,7AT08G2YX16324295,Active,GD1-2324295,,silver,,Petrol,,339.25
KEU510,2016,TOYOTA,PREVIA,Station Wagon,JTEGD52M707140579,Active,,2.4P/CVT/SW/5DR/8S,white,,Petrol,,172.50
NNM143,2014,TOYOTA,COROLLA,Saloon,7AT0H607X21086561,Active,NKE165-7086561,AXIO,white,,Petrol Hybrid,,301.50
MDT227,2012,TOYOTA,PRIUS,Hatchback,7AT0H637X19017252,Active,ZVW35-3017252,PHV,silver,,Plug-in Petrol Hybrid,,232.50
LNP215,2018,MITSUBISHI,OUTLANDER,Station Wagon,JMFXDGG2WKZ000179,Active,,VRX PHEV/4WD/AT,grey,,Plug-in Petrol Hybrid,,405.00
NQW765,2016,LEXUS,HS250H,Saloon,7AT0B01CX21067071,Active,ANF10-2067071,,silver,,Petrol Hybrid,,672.75
FJF400,2003,TOYOTA,CALDINA,Station Wagon,7AT0H624X10018388,Active,AZT241-0018388,,silver,,Petrol,,261.25
LBY292,2007,TOYOTA,AURIS,Hatchback,7AT0H659X17007081,Active,ZRE152-1007081,,black,,Petrol,,888.00
NQB22,2021,TOYOTA,CAMRY,Saloon,JTNBA3HK303008388,Active,,ZR 2.5PH/CVT,white,,Petrol Hybrid,,232.50
NSF461,2006,TOYOTA,AVENSIS,Station Wagon,7AT0H63MX21036490,Active,AZT250-0036490,,blue,,Petrol,,474.00
QBZ378,2012,TOYOTA,PRIUS,Hatchback,7AT0H637X23406703,Active,ZVW30-5406703,,silver,,Petrol Hybrid,,244.00
PPA420,2017,TOYOTA,COROLLA,Station Wagon,7AT0H607X22150433,Active,NKE165-7150433,FIELDER,silver,,Petrol Hybrid,,424.14
K1CKAS,2007,TOYOTA,MARKX,Saloon,7AT0H64TX18049099,Active,GRX120-3049099,,black,,Petrol,,837.20
NAC506,2015,HONDA,GRACE,Saloon,7AT08GEDX20001926,Active,GM4-1001926,,silver,,Petrol Hybrid,,232.50
NDN988,2010,TOYOTA,WISH,Station Wagon,7AT0H64BX20084798,Active,ZGE20-0084798,,black,,Petrol,,379.50
HJH637,2006,SUZUKI,SWIFT,Hatchback,7AT0GK0CX14180158,Active,ZC11S-180158,,orange,,Petrol,,529.00
QDG37,2012,TOYOTA,PRIUS,Saloon,7AT0H637X23475864,Active,ZVW30-5475864,,silver,,Petrol Hybrid,,341.75
PSZ931,2016,TOYOTA,AQUA,Hatchback,7AT0H65YX22545748,Active,NHP10-6545748,,silver,,Petrol Hybrid,,405.00
BMW190,2001,BMW,330I,Sports Car,WBABN52030JU71782,Active,,COUPE,black,,Petrol,,1845.75
AHD249,2001,TOYOTA,COROLLA,Hatchback,JT764AEB103107067,Active,,1.6P XL HATCHBACK 5M,red,,Petrol,,943.00
LBR650,2017,TOYOTA,FORTUNER,Station Wagon,MR0HA3FSX00044017,Active,,GXL 2.8D/4WD/6AT/SW,white,,Diesel,,881.49
GWC526,2004,TOYOTA,ESTIMA,Station Wagon,7AT0H61YX13283677,Active,ACR30-0283677,,grey,,Petrol,,743.65
MFL71,2005,NISSAN,TIIDA,Hatchback,7AT0DH78X18068562,Active,C11-068562,AXIS AUTECH,black,,Petrol,,514.25
KQY385,2006,NISSAN,TIIDA,Saloon,7AT0DH78X17011503,Active,SJC11-011503,LATIO,silver,,Petrol,,184.00
LSL555,2007,MAZDA,DEMIO,Hatchback,7AT0C12HX18116260,Active,DE3FS-116260,,grey,,Petrol,,172.50
QFQ258,2017,TOYOTA,AQUA,Hatchback,7AT0H65YX23597782,Active,NHP10-6597782,,black,,Petrol Hybrid,,172.50
MDB226,2011,MAZDA,DEMIO,Hatchback,7AT0C12HX19512928,Active,DE3FS-512928,,white,,Petrol,,659.49
GUM462,2013,KIA,SPORTAGE,Station Wagon,KNAPC813SD7389989,Active,,2.0 DIESEL AUTO,black,,Diesel,,575.00
IPBO51,2022,HAVAL,H6,Station Wagon,LGWEF6A56NH926436,Active,,ULTRA 2WD 2.0PT,grey,,Petrol,,175.50
KBQ166,2007,HONDA,FIT,Hatchback,7AT08G2YX16391642,Active,GD1-2391642,,silver,,Petrol,,577.50
PLQ27,2011,TOYOTA,PRIUS,Hatchback,7AT0H637X22411318,Active,ZVW30-1411318,,silver,,Petrol Hybrid,,405.00
FQJ704,2007,MITSUBISHI,COLT,Hatchback,JMFXNZ23A6Z001592,Active,JMFXNZ23A6Z001592,MIVEC,red,,Petrol,,341.75
NMP260,2021,TOYOTA,HIACE,Light Van,JTFAA3CP406008635,Active,,ZX GVN 2.8DT/6AT,white,,Diesel,,637.30
PUL411,2015,TOYOTA,AQUA,Hatchback,7AT0H65YX22451062,Active,NHP10-2451062,,purple,,Petrol Hybrid,,345.00
LNN914,2006,NISSAN,SKYLINE,Saloon,7AT0DH12X18100611,Active,V36-100611,,red,,Petrol,,1037.50
LMN173,2006,MITSUBISHI,OUTLANDER,Station Wagon,7AT0CJ3MX17009939,Active,CW5W-0009939,,black,,Petrol,,60.00
ZDIWYF,2007,TOYOTA,AURIS,Hatchback,7AT0H659X13007902,Active,NZE151-1007902,,black,,Petrol,,267.00
EDA243,2000,TOYOTA,ESTIMA,Station Wagon,7A8H61Y0707004753,Active,ACR30-0004753,X,gold,,Petrol,,94.50
QWN583,2024,KIA,SELTOS,Station Wagon,KNAEP81ATS7719813,Active,,LX 2.0P/IV,white,,Petrol,,195.50
LSP145,2012,MERCEDES-BENZ,C180,Sports Car,WDD2043492F968233,Active,WDD2043492F968233,,silver,,Petrol,,232.50
MDZ745,2019,TOYOTA,LANDCRUISER PRADO,Station Wagon,JTEBR3FJ50K135183,Active,,VX 2.8D/4WD/6AT,brown,,Diesel,,290.00
NJR400,2009,LEXUS,IS250,Saloon,7AT0B00EX21102263,Active,GSE20-5102263,,black,,Petrol,,428.00
QBS896,2015,MAZDA,AXELA,Saloon,7AT0C13JX23300744,Active,BMEFS-300744,,red,,Petrol,,172.50
JJG841,2005,TOYOTA,IST,Hatchback,7AT0H647X15198349,Active,NCP60-0198349,,silver,,Petrol,,621.00
LHS78,2006,TOYOTA,AURIS,Hatchback,7AT0H659X18000504,Active,ZRE152-1000504,,blue,,Petrol,,290.00
LQR841,2013,VOLKSWAGEN,GOLF,Hatchback,WVWZZZAUZEW020497,Active,,TSI,silver,,Petrol,,2403.50
PPR963,2016,HONDA,FIT,Hatchback,7AT08G2YX21217856,Active,GP5-1217856,,silver,,Petrol Hybrid,,368.00
EJE620,2006,MITSUBISHI,COLT,Hatchback,7A8CJ0X0707306377,Active,Z21A-0306377,,silver,,Petrol,,368.00
QJT789,2018,TOYOTA,AQUA,Hatchback,7AT0H65YX23725517,Active,NHP10-6725517,,white,,Petrol Hybrid,,172.50
MHC838,2009,TOYOTA,PRIUS,Hatchback,7AT0H637X19082009,Active,ZVW30-5082009,HYRBID,silver,,Petrol Hybrid,,416.50
MFK499,2011,HONDA,FIT,Hatchback,7AT08G2YX19527697,Active,GE6-1527697,,blue,,Petrol,,577.50
NWG970,2013,SUZUKI,SWIFT,Hatchback,7AT0GK0CX21111775,Active,ZC32S-111775,,blue,,Petrol,,195.50
KJF382,2017,NISSAN,PULSAR,Saloon,MNTBAAB17A0023776,Active,,ST,grey,,Petrol,,60.00
FSA989,2010,TOYOTA,CAMRY,Saloon,6T153BK400X107195,Active,,2.4P GL SEDAN 5A,green,,Petrol,,401.14
GAF9,2011,TOYOTA,RAV4,Station Wagon,JTMBD33V80D022519,Active,,2.4P 4WD WAGON5 5A,white,,Petrol,,459.05
JLM841,2009,NISSAN,TIIDA,Hatchback,7AT0DH78X15226802,Active,C11-226802,,grey,,Petrol,,612.00
KQH927,2004,HONDA,FIT,Hatchback,7AT08G2YX17903457,Active,GD3-1903457,1500,blue,,Petrol,,244.00
NGP998,2015,TOYOTA,PRIUS,Hatchback,7AT0H637X21958335,Active,ZVW30-1958335,HYBRID,silver,,Petrol Hybrid,,
JNW829,2005,NISSAN,MARCH,Hatchback,7AT0DH0KX15722524,Active,BK12-722524,,black,,Petrol,,339.25
KMF908,2017,TOYOTA,CAMRY,Saloon,6T1BF3FK70X102999,Active,,ATARA S 2.5P/6AT/SL,white,,Petrol,,336.00
KHA283,2006,TOYOTA,COROLLA,Hatchback,7AT0H607X16104448,Active,NZE121-5104448,RUNX,silver,,Petrol,,232.50
KWW203,2007,HONDA,CRV,Station Wagon,7AT08G7HX17009708,Active,RE4-1009708,2400,black,,Petrol,,1041.80
PMU836,2010,TOYOTA,PRIUS,Station Wagon,7AT0H637X22148574,Active,ZVW30-0148574,,white,,Petrol Hybrid,,95.00
JKQ234,2004,HONDA,FIT,Hatchback,7AT08G2YX15020904,Active,GD1-2020904,,silver,,Petrol,,862.50
RFA91,2014,TOYOTA,AQUA,Hatchback,7AT0H65YX25323873,Active,NHP10-6323873,,white,,Petrol Hybrid,,80.50
NMA691,2021,MITSUBISHI,OUTLANDER,Station Wagon,JMFXLGF6WLZ001150,Active,,VRX 2.3D/4WD/6AT,black,,Diesel,,152.00
ELT692,2005,FORD,EXPLORER,Station Wagon,1FMDU73E34ZB27182,Active,1FMDU73E34ZB27182,XLT,silver,,Petrol,,667.00
QQW823,2020,NISSAN,NV350,Light Van,7AT0DH8RX21117855,Active,VW2E26-117855,CARAVAN,grey,,Diesel,,439.50
CBL668,2004,HOLDEN,VY2 COMMODORE,Saloon,6G1YK54A34L251401,Active,,EXECUTIVE V6,white,,Petrol,,807.50
PZW85,2010,HONDA,CIVIC,Saloon,7AT08G0WX23401914,Active,FD3-1401914,,silver,,Petrol Hybrid,,658.00
SUNDRA,2018,TOYOTA,CAMRY,Saloon,7AT0H604X24031638,Active,AXVH70-1031638,HYBRID,white,,Petrol Hybrid,,1035.00
QCD491,2009,TOYOTA,PRIUS,Hatchback,7AT0H637X23100683,Active,ZVW30-1100683,,red,,Petrol Hybrid,,382.00
DLT289,2006,TOYOTA,CAMRY,Saloon,6T153BK400X002544,Active,,2.4P SPORT SEDAN 5A,black,,Petrol,,230.00
CTT464,2005,NISSAN,MAXIMA,Saloon,JN1BBUJ31A0022731,Active,,SI 3.5 AUTO,gold,,Petrol,,267.00
PKP664,2009,TOYOTA,PRIUS,Hatchback,7AT0H637X22064703,Active,ZVW30-5064703,,silver,,Petrol Hybrid,,244.00
NZO10,2018,TOYOTA,C-HR,Station Wagon,7AT0H663X21126393,Active,ZYX10-2126393,HYBRID,red,,Petrol Hybrid,,232.50
GJW662,2004,TOYOTA,WISH,Station Wagon,7AT0H64BX12195861,Active,ZNE10-0195861,,blue,,Petrol,,658.00
HPQ838,2014,HOLDEN,BARINA SPARK,Hatchback,KL3MA4899FC706067,Active,,CD 1.2P/4AT/HA/4DR/5,green,,Petrol,,172.50
QBK86,2012,TOYOTA,AQUA,Hatchback,7AT0H65YX23082967,Active,NHP10-2082967,,white,,Petrol Hybrid,,405.00
HMQ676,2007,TOYOTA,HIACE,Light Van,7AT0H60FX14069386,Active,TRH200-0069386,,white,,Petrol,,676.20
QQW596,2018,TOYOTA,C-HR,Station Wagon,7AT0H663X24105842,Active,ZYX10-2105842,,silver,,Petrol Hybrid,,405.00
KQF978,2016,TOYOTA,YARIS,Hatchback,JTDKT3D3X0D603844,Active,,ZR 1.5P/4AT/HA/5DR/5,yellow,,Petrol,,577.50
QCA441,2012,Toyota,Aqua,,,Active,,,,,,,405.00
HLJ251,2014,BMW,X3 XDRIVE20D,Station Wagon,WBAWY320X00H07303,Active,,SAV 8A 5DR 2.0L,silver,,Diesel,,962.75
JEN549,2004,Toyota,Platz,,,Active,,,,,,,180.00
QEE125,2016,LAND ROVER,RANGE ROVER,Station Wagon,SALVA2AGXGH102856,Active,SALVA2AGXGH102856,EVOQUE,grey,,Petrol,,77.25
FWW245,2011,Hyundai,Getz,,,Active,,,,,,,345.00
PZD142,2012,Toyota,Prius,,,Active,,,,,,,394.45
MKG944,2005,Honda,Fit,,,Active,,,,,,,646.50
JPU123,2016,Holden,Cruze,,,Active,,,,,,,483.00
QEZ498,2015,SUZUKI,LANDY,Station Wagon,7AT0GKGHX23905265,Active,C26-905265,,white,,Petrol,,663.75
PARRYG,2015,Mazda,Axela,,,Active,,,,,,,172.50
PNM502,2017,Toyota,C-HR,,,Active,,,,,,,172.50
KNY39,2008,Toyota,Passo,,,Active,,,,,,,244.00
PYF846,2011,TOYOTA,PRIUS,Hatchback,7AT0H637X23353357,Active,ZVW30-1353357,,blue,,Petrol Hybrid,,80.50
FHK903,2001,TOYOTA,PLATZ,Saloon,7A8H63R0709144590,Active,NCP12-0144590,,gold,,Petrol,,175.00
NHJ600,2008,TOYOTA,VELLFIRE,Station Wagon,7AT0H65MX20021045,Active,ANH20-8021045,,white,,Petrol,,241.50
QEA63,2010,TOYOTA,PRIUS,Hatchback,7AT0H637X23168700,Active,ZVW30-1168700,,blue,,Petrol Hybrid,,255.50
LCM228,2018,MITSUBISHI,OUTLANDER,Station Wagon,JMFXTGF7WHZ005419,Active,,LS 2.0P/CVT,silver,,Petrol,,232.50
GHD98,2010,TOYOTA,RAV4,Station Wagon,JTMBD31V80D007540,Active,,2.4 4WD LTD WAGON 4A,blue,,Petrol,,278.50
EJK487,2003,NISSAN,CARAVAN,Light Van,7A8DH060807008352,Active,VPE25-008352,,white,,Petrol,,1020.25
LUK212,2009,NISSAN,NOTE,Hatchback,7AT0DH79X18372516,Active,E11-372516,,purple,,Petrol,,172.50
PFC67,2010,SUBARU,LEGACY,Saloon,7AT0GF0BX22013588,Active,BM9-013588,,black,,Petrol,,879.75
MAP767,2008,MITSUBISHI,GALANT,Saloon,7AT0CJ0JX19108417,Active,CY4A-0108417,,grey,,Petrol,,209.50
QCM252,2014,TOYOTA,COROLLA,Station Wagon,7AT0H607X23039679,Active,NKE165-7039679,FIELDER,blue,,Petrol Hybrid,,92.00
MDL136,2014,TOYOTA,COROLLA,Station Wagon,7AT0H607X19029524,Active,NKE165-7029524,FIELDER,silver,,Petrol Hybrid,,612.00
QCY417,2010,TOYOTA,PRIUS,Hatchback,7AT0H637X23226609,Active,ZVW30-1226609,,white,,Petrol Hybrid,,405.00
LHD20,2018,KIA,SPORTAGE,Station Wagon,KNAPM81AMJ7452437,Active,,URBAN LX 2.0P/6AT/SW,blue,,Petrol,,876.50
QZY499,2004,HONDA,FIT,Hatchback,7AT08G2YX12801661,Active,GD3-1801661,,silver,,Petrol,,1600.00
PZE860,2022,MITSUBISHI,EXPRESS,Light Van,JMFKFL002LS001890,Active,,LWB 2.0D/6AT,red,,Diesel,,557.75
GMK123,2004,HOLDEN,COMMODORE,Saloon,6G1YK54F54L262573,Active,,SS AUTO V8,silver,,Petrol,,368.00
RAR997,2015,TOYOTA,COROLLA,Saloon,7AT0H607X22103599,Active,NKE165-7103599,AXIO,white,,Petrol Hybrid,,899.50
SABETO,2010,HONDA,CRV,Light Van,JHLRE4870AC204173,Active,,2.4P SPORT 5A 4DR WG,black,,Petrol,,232.50
MME262,2011,AUDI,A3,Hatchback,WAUZZZ8P0BA162174,Active,WAUZZZ8P0BA162174,,black,,Petrol,,215.25
QRD947,2017,HONDA,FIT,Hatchback,7AT08G2YX24325777,Active,GP5-3325777,,red,,Petrol Hybrid,,232.50
JMU243,2015,FORD,RANGER,Utility,MNAUM2F50FW494594,Active,,SUPER XL W/S 3.2D/4W,white,,Diesel,,431.25
XYBER,2012,MAZDA,BONGO,Light Van,7AT0C10WX16200331,Active,SKP2V-200331,VAN,white,,Petrol,,4439.20
PAE893,2015,MAZDA,CX-5,Station Wagon,7AT0C144X21207774,Active,KE2FW-207774,,white,,Diesel,,1158.25
RBW641,2014,TOYOTA,LANDCRUISER PRADO,Station Wagon,JTEBH3FJ30K124752,Active,,VX 3.0TD 5A,white,,Diesel,,1365.25
QQK338,2013,TOYOTA,AQUA,Hatchback,7AT0H65YX24226029,Active,NHP10-2226029,,blue,,Petrol Hybrid,,232.50
GZB705,2013,MITSUBISHI,MIRAGE,Hatchback,MMAXTA03AEH007082,Active,,1.2P LS 5DR HATCH A,silver,,Petrol,,172.50
HGY806,2014,TOYOTA,RAV4,Station Wagon,JTMDAREV60D041913,Active,,GXL2.2D SUV 6A,silver,,Diesel,,2311.50
QJU904,2012,TOYOTA,PRIUS,Hatchback,7AT0H637X23549987,Active,ZVW30-5549987,,purple,,Petrol Hybrid,,191.67
FWF339,2011,HOLDEN,CAPTIVA,Station Wagon,KL3CD26CJBB022839,Active,,LX AWD V6 AT,grey,,Petrol,,79.99
ECT753,2007,TOYOTA,COROLLA,Hatchback,JTNKU58E301019495,Active,,1.8P GX HATCH 5 6M,silver,,Petrol,,195.50
PFA784,2015,TOYOTA,PRIUS,Hatchback,7AT0H637X22764070,Active,ZVW30-5764070,,purple,,Petrol Hybrid,,535.21
MZY426,2013,VOLKSWAGEN,GOLF,Hatchback,WVWZZZAUZDW164300,Active,WVWZZZAUZDW164300,,silver,,Petrol,,244.00
LJE380,2006,TOYOTA,IPSUM,Station Wagon,7AT0H633X16066331,Active,ACM21-0066331,240S,white,,Petrol,,750.00
CHA989,2004,TOYOTA,COROLLA,Hatchback,JTDKR22E000174542,Active,,1.8P GL HATCH5 4A,red,,Petrol,,172.50
GZG810,2004,TOYOTA,IPSUM,Station Wagon,7AT0H633X13042657,Active,ACM21-0042657,240I,silver,,Petrol,,750.00
NJU845,2010,TOYOTA,WISH,Station Wagon,7AT0H64BX21077605,Active,ZGE20-0077605,,silver,,Petrol,,405.00
JQY300,2005,TOYOTA,IST,Hatchback,7AT0H647X15203554,Active,NCP60-0203554,,silver,,Petrol,,169.25
XJ7309,1998,NISSAN,SENTRA,Hatchback,7A7ZZFBAN15A04819,Active,,S HATCH 1.5 MAN,green,,Petrol,,186.50
ENK778,2008,MAZDA,MAZDA2,Hatchback,JM0DE10Y180113860,Active,,SPORT 5 DR 1.5 4AT,blue,,Petrol,,172.50
MAT267,2019,FUSO,CANTER 616-CITY TIP,Other Truck,JLFFEA61B0KJ31040,Active,,FEA61BR4SFAC(T),white,,Diesel,,276.00
NNR402,2008,MAZDA,ATENZA,Station Wagon,7AT0C139X21101185,Active,GH5FW-101185,,blue,,Petrol,,632.50
NEF383,2015,NISSAN,LEAF,Hatchback,7AT0DH8KX20118861,Active,AZE0-118861,,red,,Electric,,138.00
MJT360,2011,HONDA,INSIGHT,Hatchback,7AT08G9MX19307926,Active,ZE2-1307926,,black,,Petrol Hybrid,,428.00
MWU750,2020,SUZUKI,SX4 S-CROSS,Hatchback,TSMJYAA2S00725168,Active,,PRESTIGE 1.4PT/6AT,white,,Petrol,,232.50
GND194,2012,TOYOTA,YARIS,Hatchback,JTDKT3D350D544587,Active,,YRS 1.5P HATCH5 4A,white,,Petrol,,71.50
GHP925,2012,MAZDA,MAZDA3,Saloon,JM0BL10F200333654,Active,,SEDAN GSX 2.0 5AT,blue,,Petrol,,273.25
NQW806,2011,Toyota,Prius,,,Active,,,,,,,172.50
NEK471,2016,JEEP,WRANGLER,Station Wagon,1C4HJWLG3FL777565,Active,,,black,,Petrol,,2619.24
QZH982,2004,Nissan,Stagea,,,Active,,,,,,,1445.00
ENR135,2004,Mazda,atenza,,,Active,,,,,,,1735.55
HPP248,2014,Peugeot,508,,,Active,,,,,,,207.00
QLA566,2012,Toyota,Aqua,,,Active,,,,,,,152.00
PSG498,2015,Toyota,Sienta,,,Active,,,,,,,524.60
KCZ963,2007,Nissan,BLUEBIRD,,,Active,,,,,,,692.50
NAF355,2015,Toyota,Camry,,,Active,,,,,,,100.00
RCY486,2012,Toyota,Camry,,,Active,,,,,,,172.50
GFH60,2008,Suzuki,Swift,,,Active,,,,,,,632.50
QNJ845,2015,Mazda,Axela,,,Active,,,,,,,823.75
HWN480,2009,Toyota,Hiace,,,Active,,,,,,,461.35
NMY459,2006,Honda,CRV,,,Active,,,,,,,59.80
LZH142,2008,Toyota,VANGUARD,,,Active,,,,,,,138.00
KYU513,2012,Toyota,Prius,,,Active,,,,,,,255.50
FMC346,2008,Holden,Commodore,,,Active,,,,,,,1147.70
GFQ431,2012,Mazda,CX7,,,Active,,,,,,,404.80
PZG71,2012,Toyota,Prius,,,Active,,,,,,,232.50
MDH967,2010,Mazda,Axela,,,Active,,,,,,,278.50
MRS850,2009,Toyota,WISH,,,Active,,,,,,,571.75
GES631,1986,BMW,535,,,Active,,,,,,,106.00
JZF123,2008,Nissan,Vanette,,,Active,,,,,,,575.00
LCY892,2012,Holden,Captiva,,,Active,,,,,,,324.50
GLF155,2009,Mazda,Atenza,,,Active,,,,,,,410.75
MQM98,2014,Toyota,Aqua,,,Active,,,,,,,232.50
JMC769,2015,Ssangyong,Korando,,,Active,,,,,,,2275.65
QCA722,2016,Toyota,Aqua,,,Active,,,,,,,232.50
JUD74,2008,Suzuki,SPLASH,,,Active,,,,,,,404.80
PQF26,2011,Toyota,Prius,,,Active,,,,,,,253.00
QNK230,2012,Toyota,Prius,,,Active,,,,,,,255.30
PCY416,2022,Mahindra,XUV,,,Active,,,,,,,897.00
NKS311,2021,Toyota,Yaris,,,Active,,,,,,,290.00
NRD787,2012,Volkswagen,Golf,,,Active,,,,,,,1380.00
NFTY50,2013,Toyota,Avensis,,,Active,,,,,,,232.50
NBL136,2020,Toyota,Hilux,,,Active,,,,,,,207.00
HZP300,2015,Hyundai,IX35,,,Active,,,,,,,172.50
KCS541,2008,Mitsubishi,Outlander,,,Active,,,,,,,452.50
NFS542,1999,Toyota,Altezza,,,Active,,,,,,,1212.50
PAR109,2006,Toyota,RAV4,,,Active,,,,,,,405.00
NEL428,2014,Mazda,CX-5,,,Active,,,,,,,232.50
EWG911,2009,Toyota,Hilux,,,Active,,,,,,,266.80
MMP643,1998,Toyota,Landcruiser,,,Active,,,,,,,785.85
JKY37,2009,Nissan,DUALIS,,,Active,,,,,,,1805.50
QSQ385,2012,Mazda,Axela,,,Active,,,,,,,232.50
DAF522,2001,Toyota,MR2,,,Active,,,,,,,106.00
RCY457,2013,Nissan,SERENA,,,Active,,,,,,,632.50
GQJ361,2008,Mazda,cx7,,,Active,,,,,,,1512.79
JYN359,2016,Toyota,Hiace,,,Active,,,,,,,425.50
KDW518,2005,Mazda,Axela,,,Active,,,,,,,347.50
BQQ685,2003,Toyota,Corolla,,,Active,,,,,,,287.50
JJB586,2010,Nissan,Tiida,,,Active,,,,,,,554.50
KKNG30,2012,Mitsubishi,Lancer,,,Active,,,,,,,60.00
PRF901,2016,Toyota,Aqua,,,Active,,,,,,,232.50
PZJ494,2011,Jeep,PATRIOT,,,Active,,,,,,,649.75
JSAI,2017,Toyota,Landcruiser,,,Active,,,,,,,
NEB861,2012,Mazda,Axela,,,Active,,,,,,,294.60
NRY761,2010,Subaru,Legacy,,,Active,,,,,,,232.50
JGG111,2007,Mazda,Demio,,,Active,,,,,,,172.50
NFZ368,2015,Toyota,Aqua,,,Active,,,,,,,2003.05
NCS847,2012,Toyota,Aqua,,,Active,,,,,,,485.30
QPB743,2014,Honda,FIT,,,Active,,,,,,,232.30
NSC116,2015,Suzuki,Swift,,,Active,,,,,,,172.50
HCN34,2005,Nissan,TIDA,,,Active,,,,,,,428.00
LKH614,2008,Audi,A4,,,Active,,,,,,,931.50
F809P,,,,,,Active,,,,,,,230.00
3BANGA,1987,DAIHATSU,CHARADE,,,Active,,,,,,,333.50
NZZ478,2011,Volkswagen,Golf,,,Active,,,,,,,669.50
GRN657,2009,Volkswagen,TRANSPORTER,,,Active,,,,,,,1469.29
FDG587,2009,Holden,Captiva,,,Active,,,,,,,284.25
KTM484,2009,Mazda,Demio,,,Active,,,,,,,865.00
MKL718,2010,Honda,FIT,,,Active,,,,,,,345.00
GJY646,2004,Toyota,Corolla,,,Active,,,,,,,405.00
LFF377,2008,Volkswagen,Golf,,,Active,,,,,,,318.75
HFF381,2004,Ford,EXPLORA,,,Active,,,,,,,497.00
MPC291,2011,Honda,Jazz,,,Active,,,,,,,520.00
CGF893,2004,Mitsubishi,Lancer,,,Active,,,,,,,750.00
PCH884,2004,Toyota,WISH,,,Active,,,,,,,
QCD464,2011,Lexus,,,,Active,,,,,,,172.50
QPA841,2013,Mazda,Axela,,,Active,,,,,,,637.30
KMS765,2005,Mazda,Demio,,,Active,,,,,,,172.50
ETT786,2003,Mitsubishi,Pajero,,,Active,,,,,,,506.00
JTN889,2007,Toyota,Hiace,,,Active,,,,,,,232.50
GHR813,2012,Hyundai,IX35,,,Active,,,,,,,887.42
QJJ932,2014,Toyota,Prius,,,Active,,,,,,,232.50
LKC13,2018,Nissan,Qashqai,,,Active,,,,,,,422.25
AJN768,2000,Toyota,RAV4,,,Active,,,,,,,402.50
QPQ122,2018,Nissan,Note,,,Active,,,,,,,485.50
KHF640,2007,Toyota,Corolla,,,Active,,,,,,,318.75
MKG561,2008,Honda,Civic,,,Active,,,,,,,312.80
LGM916,2006,TOYOTA,VITZ,Hatchback,7AT0H63EX17734430,Active,SCP90-5057114,,cream,,Petrol,,289.80
QHB205,2012,TOYOTA,PRIUS,Station Wagon,7AT0H637X23562228,Active,ZVW30-5562228,,white,,Petrol Hybrid,,69.00
MMW385,2012,MAZDA,AXELA,Saloon,7AT0C13JX19102140,Active,BLFFP-102140,,white,,Petrol,,637.30
EZM847,2009,MERCEDES-BENZ,E,Saloon,WDB2110562B393346,Active,,E350 SPORT EDITION,black,,Petrol,,267.00
QCB358,2010,TOYOTA,WISH,Station Wagon,7AT0H64BX23076368,Active,ZGE20-0076368,,white,,Petrol,,405.00
HZC881,2005,TOYOTA,COROLLA,Hatchback,7AT0H607X14381205,Active,NZE121-0381205,RUNX 1.5L,silver,,Petrol,,60.00
LQG276,2009,BMW,320I,Sports Car,WBAWA52040P300176,Active,WBAWA52040P300176,,grey,,Petrol,,2858.53
LLU584,2008,NISSAN,DUALIS,Station Wagon,7AT0DH7HX18132759,Active,J10-132759,,black,,Petrol,,700.75
LUY467,2009,TOYOTA,VITZ,Hatchback,7AT0H63EX18117147,Active,SCP90-5117147,,grey,,Petrol,,540.50
EGF393,2004,NISSAN,VANETTE,Light Van,7A8DH190807314625,Active,SK82VN-314625,,white,,Petrol,,508.50
DPR318,2004,MERCEDES-BENZ,350,Station Wagon,WDC1631572A464086,Active,,ML,silver,,Petrol,,1810.30
HYQ487,2005,TOYOTA,HIACE,Minibus,7AT0H60FX15003576,Active,TRH214-0003576,,silver,,Petrol,,2966.31
QRM978,2011,NISSAN,JUKE,Hatchback,7AT0DH8HX16042952,Active,YF15-042952,,black,,Petrol,,593.40
HTQ643,2014,TOYOTA,HIACE,Minibus,JTFPT22P600013855,Active,TRH221-0058445,ZX 3.0TD 4A 3 SEAT,white,,Diesel,,621.00
PDC588,2015,MAZDA,AXELA,Hatchback,7AT0C13JX22204363,Active,BM5FS-204363,,red,,Petrol,,404.80
NBY68,2015,TOYOTA,COROLLA,Station Wagon,7AT0H607X20102600,Active,NKE165-7102600,FEILDER,silver,,Petrol Hybrid,,581.10
LOWTHR,2016,VOLVO,XC90,Station Wagon,YV1LFA2ACG1064925,Active,,T6 AWD INSCRIPTION 2,grey,,Petrol,,692.30
HUR91,2008,NISSAN,DUALIS,Station Wagon,7AT0DH7HX14106810,Active,KJ10-001894,,silver,,Petrol,,310.50
HBG623,2013,MERCEDES-BENZ,A,Saloon,WDD1760432J153092,Active,,200 CGI BE,white,,Petrol,,253.00
PUM769,2015,HOLDEN,BARINA,Saloon,KL3TA69E9FB180967,Active,,CD 1.6P/6AT/SL/4DR/5,red,,Petrol,,809.80
NKY466,1996,TOYOTA,CROWN,Saloon,7AT0H60BX17061297,Active,JZS155-0061297,,white,,Petrol,,982.30
NCT850,2010,TOYOTA,AURIS,Hatchback,7AT0H659X20116562,Active,ZRE152-1116562,,blue,,Petrol,,1784.80
QBS25,2014,MAZDA,AXELA,Saloon,7AT0C13JX21100309,Active,BM5AP-100309,,red,,Petrol,,232.30
GAW218,2011,HYUNDAI,ELANTRA,Saloon,KMHDH41EMCU248437,Active,,1.8 ELITE,silver,,Petrol,,397.90
GPY283,2012,HOLDEN,CAPTIVA,Station Wagon,KL3CD265JCB058102,Active,,7 LX AWD 3.0 AT,white,,Petrol,,603.75
MGG37,2019,MAZDA,CX-5,Station Wagon,JM0KF2W7A00310693,Active,,GSX PTR 2.0P/6AT,white,,Petrol,,761.50
CCD383,2004,MAZDA,BOUNTY,Utility,MM0UNY0W200328499,Active,,DBL CAB W/S 2WD TD,silver,,Diesel,,238.25
HMK187,2014,FORD,FOCUS,Hatchback,MPB1XXMXB1ET67108,Active,,TREND 2.0 AUTO HATCH,black,,Petrol,,575.00
GGM698,2009,TOYOTA,CAMRY,Saloon,6T153BK400X077584,Active,,2.4P GL SEDAN 5A,silver,,Petrol,,238.25
QMZ396,2015,HONDA,VEZEL,Hatchback,7AT08GDHX24064294,Active,RU3-1064294,,white,,Petrol Hybrid,,914.80
PFG288,2013,HONDA,FIT,Hatchback,7AT08G2YX22217962,Active,GP1-1217962,,pink,,Petrol Hybrid,,531.50
NDR327,1966,VOLKSWAGEN,BEETLE,Saloon,7AT0J40GX20871684,Active,196871684,,cream,,Petrol,,784.50
LYD360,2007,VOLKSWAGEN,GOLF,Hatchback,WVWZZZ1KZ7U000300,Active,WVWZZZ1KZ7U000300,FSI,silver,,Petrol,,560.25
GZJ158,2013,TOYOTA,RAV4,Station Wagon,JTMDFREVX05015245,Active,,GXL 2.5P SUV 6A,green,,Petrol,,437.49
HSN566,2014,FORD,ECOSPORT,Station Wagon,MAJBXXMRKBET52127,Active,,TREND 1.5P/6AT/SW/5D,silver,,Petrol,,408.25
LDS774,2018,TOYOTA,HIGHLANDER,Station Wagon,5TDBZ3FH00S813011,Active,,GXL 3.5P/4WD/8AT,silver,,Petrol,,232.50
JKF201,2015,Holden,Captiva,,,Active,,,,,,,3144.50
HKB82,2010,KIA,Sportage,,,Active,,,,,,,1173.00
LNZ969,2018,MITSUBISHI,ECLIPSE CROSS,Station Wagon,JMFXTGK1WJZ009011,Active,,VRX 1.5PT/4WD/8CVT,white,,Petrol,,272.75
LLE852,2011,MAZDA,ATENZA,Station Wagon,7AT0C139X18202565,Active,GHEFW-202565,,blue,,Petrol,,457.90
LPK36,2011,TOYOTA,PRIUS,Hatchback,7AT0H637X18291730,Active,ZVW30-0291730,,silver,,Petrol Hybrid,,532.45
LPM574,2007,NISSAN,TIIDA,Saloon,7AT0DH78X18100773,Active,SC11-100773,LATIO,white,,Petrol,,888.00
MJZ747,2019,SUZUKI,SWIFT,Hatchback,JSAAZC13S00301855,Active,,RS 1.0PT/6AT,grey,,Petrol,,100.25
LAG563,2017,TOYOTA,FORTUNER,Station Wagon,MR0HA3FS400041517,Active,,LIMITED 2.8D/4WD/6AT,black,,Diesel,,258.75
LAG562,2017,Toyota,Fortuner,,,Active,,,,,,,258.75
HQL161,2005,Mazda,Axela,,,Active,,,,,,,1035.00
LMC480,2008,Nissan,TEANA,Saloon,7AT0DH71X17009028,Active,J32-009028,,grey,,Petrol,,632.50
JPZ379,2007,Subaru,Forester,,,Active,,,,,,,1060.30
LPZ379,2007,Subaru,Forester,,,Active,,,,,,,
RAD576,2012,Toyota,Prius,,,Active,,,,,,,172.50
QEC382,2014,Mazda,Axela,,,Active,,,,,,,448.50
KDC111,2004,Honda,FIT,,,Active,,,,,,,439.50
JRH588,2012,Toyota,Hiace,,,Active,,,,,,,172.50
KKW370,2004,Nissan,Murano,,,Active,,,,,,,4194.25
MSC199,2014,Toyota,Aqua,,,Active,,,,,,,195.50
GQM544,2010,Toyota,Hilux,,,Active,,,,,,,784.50
GAQ418,2004,Toyota,Opa,,,Active,,,,,,,1302.00
RAAG,2016,Audi,SQ5,,,Active,,,,,,,175.00
LUR934,2007,Mitsubishi,Outlander,,,Active,,,,,,,865.00
NRC23,2015,Nissan,Teana,,,Active,,,,,,,635.00
LQN230,,Mazda,Axela,,,Active,,,,,,,345.00
KSHMNY,2015,Land Rover,Discovery,,,Active,,,,,,,437.00
NFZ170,2008,Nissan,Dualis,,,Active,,,,,,,993.00
QKD483,2010,Nissan,Sky Line,,,Active,,,,,,,335.80
HNN593,2007,Honda,,,,Active,,,,,,,625.22
LKH773,2018,Holden,Trax,,,Active,,,,,,,146.25
LUS556,2018,LDV,V80,,,Active,,,,,,,575.00
QCQ147,2014,Audi,A4,,,Active,,,,,,,172.50
NLZ385,2015,Subaru,XV,,,Active,,,,,,,1379.25
LCA125,2004,Toyota,Alphard,,,Active,,,,,,,520.00
QRQ251,2015,Nissan,Note,,,Active,,,,,,,232.50
LGR842,2009,Mini,Cooper,,,Active,,,,,,,172.50
HEM534,2006,Nissan,Serena,,,Active,,,,,,,287.50
MSZ614,2012,Mazda,Axela,,,Active,,,,,,,232.30
PHK966,2012,Toyota,Lexus CT200H,,,Active,,,,,,,172.50
MNE396,2014,Toyota,Prius,,,Active,,,,,,,129.00
IBAPUI,2011,Toyota,Aurion,,,Active,,,,,,,405.00
HAB180,2005,Nissan,TIIDA,,,Active,,,,,,,715.50
LPT758,2011,Toyota,Prius,,,Active,,,,,,,172.50
NQY257,2013,Toyota,Aqua,,,Active,,,,,,,345.00
PFM641,2011,Lexus,RX450H,,,Active,,,,,,,172.50
QKF345,2017,Toyota,C-HR,,,Active,,,,,,,172.50
JGG766,2004,Toyota,Wish,,,Active,,,,,,,913.50
MKZ904,2010,Mazda,Axela,,,Active,,,,,,,388.70
QLG626,2010,Toyota,Vellfire,,,Active,,,,,,,1373.50
BJP170,1997,Toyota,Corolla,,,Active,,,,,,,290.00
EHS993,2006,Toyota,Harrier,,,Active,,,,,,,911.00
HSZ189,2005,Toyota,Ipsum,,,Active,,,,,,,1106.50
QTL372,2016,Toyota,Prius,,,Active,,,,,,,207.00
JUU48,2010,Toyota,Auris,,,Active,,,,,,,637.50
GTP743,2005,Suzuki,Swift,,,Active,,,,,,,379.99
APH794,1998,Toyota,Hilux,,,Active,,,,,,,775.30
MUF855,2009,Suzuki,Swift,,,Active,,,,,,,640.75
JCT168,2010,Toyota,VANGUARD,,,Active,,,,,,,404.80
FCD112,2009,Mazda,BONGO,,,Active,,,,,,,694.80
LBW376,2004,Honda,FIT,,,Active,,,,,,,1514.09
HTC93,2011,Holden,Commodore,,,Active,,,,,,,379.50
MSS156,2013,Toyota,Hiace,,,Active,,,,,,,637.30
ERQ175,2008,Holden,Barina,,,Active,,,,,,,844.30
EJY444,2008,Toyota,Yaris,,,Active,,,,,,,172.50
QLB782,2014,Honda,Vezel,,,Active,,,,,,,232.50
TDD002,2017,Volkswagen,Passat,,,Active,,,,,,,413.25
QKB446,2019,Toyota,Prius,,,Active,,,,,,,981.88
JSB487,2004,Nissan,Bluebird,,,Active,,,,,,,405.00
JJE590,2015,Toyota,Hiace,,,Active,,,,,,,333.50
NO,,,,,,Active,,,,,,,149.50
LHS409,2009,Toyota,Fielder,,,Active,,,,,,,232.50
LSM607,2018,Toyota,Hilux,,,Active,,,,,,,230.00
MSU739,2013,Mazda,Demio,,,Active,,,,,,,514.25
KKF801,2013,Hyundai,Santa FE,,,Active,,,,,,,97.75
LPZ73,2009,Subaru,Impreza,,,Active,,,,,,,244.00
QBK904,2010,Toyota,WISH,,,Active,,,,,,,694.80
NMK12,2012,Honda,CR-Z,,,Active,,,,,,,345.00
NDD697,2013,Nissan,Serena,,,Active,,,,,,,270.25
GUB342,2006,Nissan,TIIDA,,,Active,,,,,,,759.00
LRW891,2005,Nissan,March,,,Active,,,,,,,209.50
HYC6,2006,Toyota,Vitz,,,Active,,,,,,,450.59
HLM741,2007,Toyota,Auris,,,Active,,,,,,,511.00
MPQ911,2015,Suzuki,Swift,,,Active,,,,,,,95.00
MED46,2006,Toyota,Corolla,,,Active,,,,,,,180.00
FPY609,2010,Toyota,RAV4,,,Active,,,,,,,727.00
HCD296,2005,Honda,Odyssey,,,Active,,,,,,,1099.95
LRM992,2013,Peugeot,508,,,Active,,,,,,,1095.50
NZC41,2021,LDV,Deliver 9,,,Active,,,,,,,1062.80
QJU352,2013,Toyota,Aqua,,,Active,,,,,,,427.80
ESN860,2003,Nissan,March,,,Active,,,,,,,949.79
MNF561,2019,Mitsubishi,Outlander,,,Active,,,,,,,232.30
MPN130,2007,Lexus,,,,Active,,,,,,,464.80
MZE635,1998,,,,,Active,,,,,,,232.30
JFN394,2008,VW,GOLF,,,Active,,,,,,,442.75
NZR269,2009,BMW,320I,,,Active,,,,,,,807.30
KUG799,2007,Toyota,RAV4,,,Active,,,,,,,462.50
PBB83,2018,Toyota,Hiace,,,Active,,,,,,,543.00
NHQ924,2012,Toyota,Aqua,,,Active,,,,,,,557.75
QTS368,2015,Mercedes-Benz,GL-350,,,Active,,,,,,,335.80
QHD133,2017,Toyota,C-HR,,,Active,,,,,,,172.50
KZD932,2008,,Partner,,,Active,,,,,,,511.00
LMD761,2010,Toyota,Prius,,,Active,,,,,,,339.25
KSM639,,Mazda,CX-5,,,Active,,,,,,,2162.00
JSP350,2006,Toyota,PASSO,,,Active,,,,,,,2093.00
NZC723,2016,Nissan,Sylphy,,,Active,,,,,,,232.50
GRU334,2013,Toyota,Corolla,,,Active,,,,,,,410.75
GMB509,2005,Suzuki,Swift,,,Active,,,,,,,667.00
NWS350,2006,Nissan,TIIDA LATIO,,,Active,,,,,,,448.50
MCN242,2008,Toyota,Corolla,,,Active,,,,,,,35.65
GYC601,2013,Toyota,Corolla,,,Active,,,,,,,80.50
GCU545,2002,Honda,FIT,,,Active,,,,,,,92.00
LEU900,2007,Nissan,Tiida,,,Active,,,,,,,414.00
HSS845,2005,Honda,FIT,,,Active,,,,,,,172.50
HRN957,2008,Volkswagen,Golf,,,Active,,,,,,,902.75
JGU589,2015,Ford,Kuga,,,Active,,,,,,,701.50
NPM335,2012,BMW,120I,,,Active,,,,,,,425.50
NZF675,2018,Toyota,Hiace,,,Active,,,,,,,806.65
EYZ188,2009,Mercedes-Benz,C280,,,Active,,,,,,,885.50
NNW806,2016,Toyota,Prius,,,Active,,,,,,,439.30
KHW643,2005,Toyota,Raum,,,Active,,,,,,,327.00
FMK434,2003,Suzuki,aerio,,,Active,,,,,,,290.00
QTD216,2014,Toyota,noah,,,Active,,,,,,,313.00
HWR585,2005,Honda,CRV,,,Active,,,,,,,464.80
JPW354,2007,Suzuki,Swift,,,Active,,,,,,,232.30
NCQ310,2007,Nissan,Murano,,,Active,,,,,,,253.00
LWP476,2007,Mark x,,,,Active,,,,,,,208.15
QKE416,2010,Toyota,Prius,,,Active,,,,,,,324.30
JUH905,2005,Toyota,Mark X,,,Active,,,,,,,207.00
LPZ46,2008,Nissan,March,,,Active,,,,,,,1090.40
MPN771,2010,Toyota,Estima,,,Active,,,,,,,264.50
MSK864,2006,Mazda,VERISA,,,Active,,,,,,,345.00
FFG589,2010,Skoda,Octavia,,,Active,,,,,,,683.70
LUD565,2012,Nissan,Tiida,,,Active,,,,,,,862.50
LER503,2007,Mitsubishi,Outlander,,,Active,,,,,,,807.30
MGQ718,2009,Nissan,serena,,,Active,,,,,,,172.50
PYQ278,2016,Nissan,Sylphy,,,Active,,,,,,,517.50
KNM935,2010,Holden,Commodore,,,Active,,,,,,,644.00
LZZ201,2008,Subaru,Impreza,,,Active,,,,,,,575.00
GKR599,2008,Nissan,skyline,,,Active,,,,,,,416.50
HDM934,2005,Toyota,Hilux,,,Active,,,,,,,2829.00
KBJ826,2008,Toyota,premio,,,Active,,,,,,,462.50
LFY850,2018,Mitsubishi,Triton,,,Active,,,,,,,60.00
QEB74,2014,Nissan,Lafesta,,,Active,,,,,,,1023.70
PSZ857,2015,Nissan,Note,,,Active,,,,,,,861.70
FEN807,2009,Nissan,Qashqai,,,Active,,,,,,,172.50
NYL83,2010,Nissan,X-TRAIL,,,Active,,,,,,,232.30
JHU104,2007,Nissan,Tiida,,,Active,,,,,,,828.00
QRG696,2013,Toyota,Camry,,,Active,,,,,,,172.50
JNE137,2004,Nissan,,,,Active,,,,,,,843.15
NQJ627,2013,Mazda,CX-5,,,Active,,,,,,,172.50
PHH997,2015,Mitsubishi,Outlander,,,Active,,,,,,,1099.74
DTC300,2007,Honda,CRV,,,Active,,,,,,,405.00
MYTAB,2007,Honda,Civic,,,Active,,,,,,,516.55
PAK954,2007,Honda,CRV,,,Active,,,,,,,805.00
CYT221,2005,Nissan,March,,,Active,,,,,,,437.00
EEY276,2007,Toyota,Highlander,,,Active,,,,,,,1336.50
GHP64,2008,vw,volkswagen caddy,,,Active,,,,,,,991.50
FLN93,2010,Hyundai,AI,,,Active,,,,,,,888.00
DPA315,2003,Toyota,estima,,,Active,,,,,,,1460.85
FBE567,2000,Honda,Odyssey,,,Active,,,,,,,577.50
LME863,2007,Suzuki,Swift,,,Active,,,,,,,669.50
PZB291,2012,Mazda,CX-5,,,Active,,,,,,,405.00
GMU45,2012,Suzuki,SPLASH,,,Active,,,,,,,427.80
FZJ824,2002,Toyota,IST,,,Active,,,,,,,609.50
QHL521,2017,Toyota,Aqua,,,Active,,,,,,,637.30
HPH961,2005,Toyota,WISH,,,Active,,,,,,,782.00
MHM814,2019,Hyundai,Tucson,,,Active,,,,,,,218.50
PQS712,2022,KIA,STONIC,,,Active,,,,,,,405.00
NDG370,2009,Toyota,WISH,,,Active,,,,,,,662.40
QBN884,2017,Mazda,Demio,,,Active,,,,,,,232.30
NPJ906,2007,Honda,Odyssey,,,Active,,,,,,,1616.30
LFU552,2008,Subaru,EXIGA,,,Active,,,,,,,1397.65
KDD83,2016,Holden,Captiva,,,Active,,,,,,,207.00
JQU353,2009,Nissan,CARAVAN,,,Active,,,,,,,2063.30
NBM226,2015,Toyota,Prius,,,Active,,,,,,,1075.25
QTP200,1996,Honda,Civic,,,Active,,,,,,,816.50
HTF547,2005,Nissan,MURANO,,,Active,,,,,,,368.00
QSK777,2021,Toyota,Prius,,,Active,,,,,,,1740.30
PUP880,2010,Prius,,,,Active,,,,,,,200.30
MUG381,2013,Mercedes-Benz,A180,,,Active,,,,,,,575.00
LKJ699,2007,Toyota,Corolla,,,Active,,,,,,,362.79
QPZ976,2010,Toyota,sai,,,Active,,,,,,,405.00
KKT476,2011,Toyota,Prius,,,Active,,,,,,,1636.68
PLJ8,2022,Jeep,Compass,,,Active,,,,,,,330.25
JZZ800,2007,Nissan,March,,,Active,,,,,,,548.75
LJY369,2010,Ford,Focus,,,Active,,,,,,,1285.42
FLZ851,2004,ist,,,,Active,,,,,,,632.50
MQD660,2010,BMW,320I,,,Active,,,,,,,554.50
HRSHAL,2016,Holden,cruze,,,Active,,,,,,,1785.51
CQP646,2006,KIA,Cerato,,,Active,,,,,,,1196.00
GAR921,2011,Toyota,Camry,,,Active,,,,,,,977.50
MUZ743,2011,Toyota,Hiace,,,Active,,,,,,,468.25
QJG299,2013,Toyota,Aqua,,,Active,,,,,,,60.00
NKU848,2011,Toyota,RAV4,,,Active,,,,,,,172.50
JGY177,2004,Nissan,Elgrand,,,Active,,,,,,,1978.20
MRK307,2014,Toyota,Prius,,,Active,,,,,,,172.50
PYW936,2021,Toyota,Hiace,,,Active,,,,,,,230.00
PBM331,2008,,GS460,,,Active,,,,,,,1884.65
HLP53,2014,KIA,,,,Active,,,,,,,165.60
NRU505,2012,Toyota,Aqua,,,Active,,,,,,,644.00
NOTY,,,,,,Active,,,,,,,
NRU500,2016,Toyota,Auris,,,Active,,,,,,,276.00
